tweet_id;text
1344560508708392960;아이콘_2020_수고많이했어
1344560508708392960;iKON
1344560508708392960;아이콘
1344560512919592960;AttackOnTitan
1344560512919592960;JujutsuKaisen
1344560512894287874;BKPPbestof2020
1344560517101223936;bestnine2020
1344560517101223936;bestnine
1344560517101223936;TopNine2020
1344560517101223936;topnine
1344560517101223936;illustration
1344560521283067904;DigitalMarketing
1344560521283067904;digital
1344560521283067904;marketing
1344560525514997760;TOMORROW_X_TOGETHER
1344560525514997760;투모로우바이투게더
1344560529675792386;AdultWork
1344560533903708161;Covid19UK
1344560538064478208;Dexter
1344560542283915264;ThankfulForErica
1344560546461278209;TataAltroz
1344560546461278209;whatcarindia
1344560550647377921;DontDoThisMistakeOnNewYear
1344560550647377921;शराबी_बने_70जन्म_श्वान
1344560554875052033;ATINxSB19Wrapping2020
1344560567449632768;DontDoThisMistakeOnNewYear
1344560567449632768;शराबी_बने_70जन्म_श्वान
1344560571635515392;ATINxSB19Wrapping2020
1344560575846567936;아이콘_2020_수고많이했어
1344560575846567936;iKON
1344560575846567936;아이콘
1344560592607014913;cat
1344560596809822208;exophase
1344560596788805632;BestOfMewGulf2020
1344560605185732608;RahulIsTheBoss
1344560605185732608;NikkiIsTheBoss
1344560642926256128;31stDecember2020
1344560651310686208;kalvinphobic
1344560651331629056;welcometoyorkshire
1344560651327344640;BTS
1344560651327344640;방탄소년단
1344560676472176640;RahulIsTheBoss
1344560676472176640;NikkiIsTheBoss
1344560693282918401;RahulIsTheBoss
1344560693282918401;NikkiIsTheBoss
1344560697481564160;ENDSARS
1344560697481564160;PersonofTheYear
1344560722647404544;WHUFC
1344560722634829824;music
1344560735209328640;PM
1344560735209328640;ProjectManagement
1344560735209328640;OneNote
1344560735209328640;getthingsdone
1344560735209328640;gettingthingsdone
1344560735209328640;gtd
1344560735209328640;justdoit
1344560735209328640;kanban
1344560735209328640;pm
1344560735209328640;projectmanagement
1344560735209328640;projects
1344560735209328640;taskboard
1344560735209328640;taskmaster
1344560735209328640;tasks
1344560735209328640;todo
1344560735209328640;winner
1344560747792248832;JoyPublicity
1344560747792248832;JoyPublications
1344560764560965632;ATINxSB19Wrapping2020
1344560789739302915;RahulIsTheBoss
1344560789739302915;NikkiIsTheBoss
1344560814892568581;TOMORROW_X_TOGETHER
1344560814892568581;투모로우바이투게더
1344560814909390848;Gabriella
1344560814909390848;Gaby
1344560814909390848;Gabi
1344560814909390848;BiggBossTamil4
1344560814909390848;BigBoss4Tamil
1344560814909390848;vijay
1344560814909390848;thalapathi
1344560814909390848;bigil
1344560823289610240;yoga
1344560827467243520;exophase
1344560831674028033;TOMORROW_X_TOGETHER
1344560831674028033;투모로우바이투게더
1344560844244283392;UpRoar4SSR
1344560861050880001;poshmark
1344560861050880001;fashion
1344560861050880001;style
1344560861050880001;shopmycloset
1344560861050880001;erinlondon
1344560861050880001;michaelstars
1344560873638006785;NYGiftForSingtoFans
1344560873638006785;SingtoPrachaya
1344560877811339266;TreasureOnNDTV
1344560877811339266;TREASURE
1344560877811339266;트레져
1344560898787205121;NewYear2021
1344560898787205121;NewYearsEve
1344560898787205121;NewYear
1344560902981476353;ThankfulForErica
1344560902972923905;TreasureOnNDTV
1344560902972923905;TREASURE
1344560902972923905;트레저
1344560911378313216;RubinaIstheBoss
1344560911378313216;AbhinavIsTheBoss
1344560915581173760;366DaysOfTacha
1344560919767080962;The
1344560919767080962;PakistanIn2020
1344560923973971968;tatties4indy
1344560923973971968;NoDealNicola
1344560923965579264;propagandalive
1344560923965579264;propagandatombola
1344560928138928128;NowPlaying
1344560928138928128;discoverunsigned
1344560928130543616;exophase
1344560932333248512;jiminyouareperfect
1344560944945500165;China
1344560957528354817;BrexitReality
1344560957519872000;poshmark
1344560957519872000;fashion
1344560957519872000;style
1344560957519872000;shopmycloset
1344560957519872000;anthropologie
1344560957519872000;louisvuitton
1344560957519872000;adidas
1344560961722716161;WeWantActorSeokjin
1344560961722716161;JIN
1344560961722716161;SEOKJIN
1344560961722716161;KIMSEOKJIN
1344560961722716161;진
1344560961722716161;김석진
1344560961722716161;석진
1344560961722716161;방탄진
1344560961722716161;방탄소년단진
1344560961722716161;BTSJIN
1344560961722716161;ジン
1344560961701650434;HappyNewYear2021
1344560961701650434;GoodBye2020
1344560970111152130;RahulIsTheBoss
1344560970111152130;NikkiIsTheBoss
1344560974305652737;frosty
1344560974280282112;NikkiIsTheBoss
1344560974280282112;RahulIsTheBoss
1344560986871767041;CarloMusicFest21
1344560986871767041;MonteCarlo
1344560986871767041;MotionConsult
1344560995268747265;MAGA
1344560995260239873;beatles
1344561041401933825;angular
1344561041401933825;follow
1344561041401933825;medeepakjain
1344561041401933825;learnwithdeepak
1344561041401933825;100daysofcode
1344561041401933825;30daysofcode
1344561041401933825;javascript
1344561041401933825;typescript
1344561041401933825;js
1344561041401933825;nodejs
1344561041401933825;techiebaba
1344561079163052033;TOMORROW_X_TOGETHER
1344561079163052033;투모로우바이투게더
1344561112684048384;PetitionOfErrors
1344561112700764161;BAEKHYUN
1344561116891009024;jiminhappy
1344561121076776960;TOMORROW_X_TOGETHER
1344561121076776960;투모로우바이투게더
1344561125266886657;TOMORROW_X_TOGETHER
1344561125266886657;투모로우바이투게더
1344561125266886657;TXT_HLA2021
1344561125266886657;HLA2021
1344561129490673665;insomnia
1344561129490673665;sleep
1344561137883312128;SpiderBot
1344561137862365184;RahulIsTheBoss
1344561137862365184;NikkiIsTheBoss
1344561142048247810;TOMORROW_X_TOGETHER
1344561142048247810;투모로우바이투게더
1344561146255163392;poshmark
1344561146255163392;fashion
1344561146255163392;style
1344561146255163392;shopmycloset
1344561146255163392;softsurroundings
1344561146255163392;nastygal
1344561146255163392;avon
1344561146242560001;ejenali
1344561150441058304;TOMORROW_X_TOGETHER
1344561150441058304;투모로우바이투게더
1344561150457950209;YourViewTVC
1344561154627170305;NAYUTA
1344561154627170305;CROWDSALENETWORK
1344561154627170305;btc
1344561154627170305;cryptocurrency
1344561154627170305;blockchain
1344561154627170305;DeFi
1344561154627170305;bounty
1344561154627170305;airdrop
1344561154656374785;ChampionAlyGoni
1344561200760283136;Banking
1344561200781258753;Education
1344561217554292737;NewYear
1344561221765357568;Now
1344561242736910336;SpeederBot
1344561242736910336;SaferRoads
1344561242736910336;PavementsForPeople
1344561242736910336;WalkToSchool
1344561242736910336;RoadSafety
1344561242736910336;Speeding
1344561246918598656;HR
1344561246918598656;humanresources
1344561251125403649;RHDLBPO
1344561251125403649;BPO
1344561251125403649;Kanpur
1344561251125403649;Services
1344561251125403649;InternationalBPO
1344561251125403649;growth
1344561251125403649;jobs
1344561251125403649;Serviceprovider
1344561255324000257;AnythingHelps
1344561255324000257;BitchMcYertle
1344561255324000257;Zuckerfukery
1344561267869155328;thursday
1344561267869155328;motivation
1344561267869155328;lastdayof2020
1344561267869155328;braziliangirl
1344561267869155328;garotacarioca
1344561267869155328;brazilianbeauty
1344561267889958913;NintendoSwitch
1344561276257665024;MUFC
1344561276257665024;ManUtd
1344561276257665024;siralexferguson
1344561280477106176;ShopeeMY
1344561284684066816;AllwhiteAffairbyMorcat
1344561288853204992;telehealth
1344561305621913601;trtwt
1344561305621913601;jjktwt
1344561305621913601;narutwt
1344561305621913601;tougentwt
1344561305621913601;onstwt
1344561339205877762;TikTok
1344561351792988161;SindhuDesh
1344561351792988161;KarimaBaloch
1344561355970519040;RIZIN26
1344561360181596160;CollegeSexParty
1344561368540864513;beyourbestself
1344561410496294912;RubinaIsTheBoss
1344561410496294912;AbhinavlsTheBoss
1344561418897477640;breaking
1344561418897477640;news
1344561418868166656;RubinaIsTheBoss
1344561418868166656;AbhinavIsTheBoss
1344561418893484032;PTSD
1344561418893484032;mentalhealth
1344561418893484032;ItsOkayToNotBeOkay
1344561431480475655;HTAFC
1344561431472087040;LetsPray
1344561444038307841;hotel
1344561444038307841;Hospitality
1344561448228421633;seal
1344561448228421633;fossil
1344561448228421633;species
1344561448228421633;science
1344561448228421633;newspaper
1344561448261971968;eccouncil
1344561448261971968;HackerHelp
1344561448261971968;cybersecurity
1344561448261971968;cybercrime
1344561448261971968;cyberattack
1344561448261971968;CTIA
1344561448261971968;ThreatIntelligence
1344561448261971968;CyberThreatIntelligence
1344561448261971968;infosec
1344561456642199552;NCCL
1344561460815400962;MNL48
1344561469233508352;RubinaIsTheBoss
1344561469233508352;AbhinavIsTheBoss
1344561477596942337;HappyNewYear2021
1344561477596942337;fearwomen
1344561477596942337;AlShabaab
1344561477596942337;KenyanBoysChoir2021
1344561477596942337;kazimpango
1344561477605339139;Ad
1344561477613727746;Ad
1344561481807872001;PromoteNIOSOctoberStudents
1344561481807872001;promoteondemandstudents
1344561481807872001;niosवालेबच्चोंकोइंसाफ़दो
1344561481807872001;CancelNiosexam2020
1344561481807872001;PROMOTENIOSstudents
1344561481807872001;promote_nios_october_students
1344561481807872001;we_want_result_in_jan
1344561481812160513;iftiinfmwarka
1344561486006521856;workathome
1344561486006521856;workfromhome
1344561486006521856;homebusiness
1344561486006521856;internetmarketing
1344561486006521856;onlinejobs
1344561486006521856;makemoneyonline
1344561494399328256;vape
1344561494399328256;vapepen
1344561494399328256;vapeshop
1344561494399328256;vapestore
1344561494399328256;ecig
1344561494399328256;ejuice
1344561494399328256;vaping
1344561494399328256;vapelife
1344561494399328256;vapejuice
1344561494399328256;jbrt18vape
1344561494399328256;atsocailmedia
1344561494399328256;vjuice
1344561494399328256;shortfill
1344561494399328256;firsttmaster
1344561494399328256;eliquid
1344561498560069632;Secondlife
1344561502762766337;PhanerooDevotion
1344561502762766337;NightOfPrayer
1344561506969481216;TOMORROW_X_TOGETHER
1344561506969481216;투모로우바이투게더
1344561519552393216;RubinaIsTheBoss
1344561519552393216;AbhinavIsTheBoss
1344561523750916096;RubinaIsTheBoss
1344561523750916096;AbhinavIsTheBoss
1344561536317050883;booty
1344561536317050883;lingerie
1344561536317050883;tattoo
1344561536317050883;shorthair
1344561565673140225;coronavirus
1344561565673140225;covid19
1344561565673140225;businessupport
1344561578276839424;TOMORROW_X_TOGETHER
1344561578276839424;투모로우바이투게더
1344561586653065216;zoom
1344561586653065216;zoomcall
1344561586653065216;zoomcodes
1344561586653065216;zoomcode
1344561586653065216;call
1344561586661249024;ATINxSB19Wrapping2020
1344561590868164609;RubinaIsTheBoss
1344561590868164609;AbhinavIsTheBoss
1344561603425890305;sweetieproofs
1344561611822927873;1INCHUSDT
1344561632807186432;TedHeath2
1344561645390082049;bonnadol
1344561645390082049;warwanarat
1344561645390082049;prompayy
1344561645390082049;yinyin_anw
1344561649550827520;Argentina
1344561649550827520;AbortoLegalYa
1344561649550827520;AbortoLegal2020
1344561657943494658;TOMORROW_X_TOGETHER
1344561657943494658;투모로우바이투게더
1344561670526386177;ATINxSB19Wrapping2020
1344561678915170306;OxMuSo
1344561678948528128;SI_TheBiggestScamByBJP
1344561691527413760;Jammin
1344561691527413760;DABRadio
1344561691527413760;Afrobeat
1344561691527413760;CosoroRadioUK
1344561691527413760;Cosoro
1344561691497959425;NikkiIsTheBoss
1344561691497959425;RahulIsTheBoss
1344561699890864128;opinion
1344561708308770819;MyDramaList
1344561733441101825;LateMorningShow
1344561733441101825;LoveThursday
1344561733457817600;unusual
1344561737631109120;TOMORROW_X_TOGETHER
1344561737631109120;투모로우바이투게더
1344561737656225792;zonaba
1344561737656225792;zonabu
1344561737656225792;zonauang
1344561737656225792;zonajajan
1344561741859086336;EndSARS
1344561758640324611;PuneFightsCorona
1344561758640324611;PuneNews
1344561758640324611;punepolice
1344561762826395654;nature
1344561762826395654;birds
1344561775379795968;2020StoryOfBalls
1344561779586850816;NowPlaying
1344561779586850816;audio
1344561779586850816;fb
1344561779595227136;gaming
1344561779595227136;gamingnews
1344561783772647424;SAF
1344561783806119936;JUNGKOOK
1344561783806119936;COOKIE
1344561783806119936;GOOGIE
1344561800579342337;BestArticle
1344561808967778304;TreasureOnNDTV
1344561808967778304;Treasure
1344561817356443648;auspol
1344561817356443648;NYE2021
1344561821521477632;twitterbreak
1344561821517312001;RepublicWontCompromise
1344561821517312001;UpRoar4SSR
1344561825715728384;GavinWilliamson
1344561825715728384;r4today
1344561825715728384;resignWilliamson
1344561829939302401;OnlyOneOf
1344561829939302401;온리원오브
1344561834108575744;ASTRO
1344561834108575744;ASTRO_BeWithU
1344561834133774338;StopTheSteal
1344561838298525697;antikaeya
1344561838294331395;SB19
1344561838294331395;ATINxSB19Wrapping2020
1344561838319517697;RepublicWontCompromise
1344561842513825792;RubinaIsTheBoss
1344561842513825792;AbhinavIsTheBoss
1344561855109410816;Puducherry
1344561863481204736;TOMORROW_X_TOGETHER
1344561863481204736;투모로우바이투게더
1344561871848841217;RubinaIstheBoss
1344561871848841217;AbhinavIsTheBoss
1344561888638734336;chockies
1344561888638734336;milkstout
1344561892820447232;StocksToWatch
1344561892841295872;TOMORROW_X_TOGETHER
1344561892841295872;투모로우바이투게더
1344561909601763328;ATINxSB19Wrapping2020
1344561922188996613;MUFC
1344561922188996613;ThursdayThoughts
1344561926383280128;carnivore
1344561938961981440;AI
1344561938961981440;ArtificialIntelligence
1344561938961981440;Tech
1344561938961981440;DigitalTransformation
1344561943173095429;CoinQuora
1344561943173095429;CQNews
1344561943173095429;CryptoNews
1344561943173095429;Altcoin
1344561943173095429;Ethereum
1344561943173095429;Ethiopia
1344561943177150464;ATINxSB19Wrapping2020
1344561951565873153;RestoreAJKNetwork
1344561951553294337;cashapp
1344561972512137217;TOMORROW_X_TOGETHER
1344561972512137217;투모로우바이투게더
1344561976739958787;güdvibesonly
1344561976739942401;BestofMewGulf2020
1344561989306130432;ShehnaazGill
1344561993517211648;아이콘_2020_수고많이했어
1344561993517211648;iKON
1344561993517211648;아이콘
1344562018649563136;Hogmanay
1344562018653589504;NewYearWithFarmers
1344562027075784709;Jammuisnotkashmir
1344562035430805504;BAEKHYUN
1344562060617777152;StreetFeasts
1344562060605194245;vss365
1344562060605194245;vsspoem
1344562060605194245;BraveWrite
1344562064807907328;Hamilton
1344562064807907328;UnitedKingdom
1344562064807907328;foodwaste
1344562064807907328;free
1344562064816267266;trackbullysradio
1344562064786743296;아이콘_2020_수고많이했어
1344562064786743296;iKON
1344562064786743296;아이콘
1344562069010489347;DeJoy
1344562069010489347;USPS
1344562069010489347;GOP
1344562081572544518;swoopgang
1344562081589305344;BRINGYGTBSTYLISTSBACK
1344562085762486272;아이콘_2020_수고많이했어
1344562085762486272;iKON
1344562085762486272;아이콘
1344562094176276480;IsaPaWithFeelingsOnNetflix
1344562094176276480;MaineMendoza
1344562106742484994;HappyNewYear2021
1344562106750750723;TOMORROW_X_TOGETHER
1344562106750750723;투모로우바이투게더
1344562106750754816;bugbounty
1344562110957809664;ChampionAlyGoni
1344562110936866817;M4All
1344562119317090304;MBE
1342060376368709634;THEBOYZ_HLA2021
1342060376368709634;더보이즈
1342060376368709634;THEBOYZ
1342060393158606848;MAGA
1342060393158619138;SMAT
1342060393158619138;SmartFinance
1342060397340155906;StrayKids
1342060397340155906;스트레이키즈
1342060401534517254;THEBOYZ_HLA2021
1342060401534517254;더보이즈
1342060401534517254;THEBOYZ
1342060443485917185;GIDLE
1342060443485917185;여자아이들
1342060443485917185;GIDLE_HLA2021
1342060451887116289;TWICE_HLA2021
1342060451887116289;HLA2021
1342060451887116289;트와이스
1342060451887116289;twice
1342060456064663556;StrayKids
1342060456064663556;스트레이키즈
1342060460280049666;IGotSurvivalFund
1342060460279955456;eCommerce
1342060460279955456;strategies
1342060460279955456;performance
1342060464478404608;ATEEZ_HLA2021
1342060464478404608;HLA2021
1342060468664492034;NowPlaying
1342060472862957568;HappyBirthday
1342060489631813632;EricaXElitesForever
1342060493834371072;BreakingNews
1342060506392088577;GetWellSoonTaeyong
1342060506392088577;LeaderTaeyongWeLoveYou
1342060506392088577;TAEYONG
1342060506392088577;태용
1342060506400522240;Sky星を継ぐ子どもたち
1342060531583213569;diabetes
1342060531583213569;vingscommunity
1342060531583213569;news
1342060531553685505;GIDLEISCOMING
1342060531553685505;GIDLE
1342060531553685505;여자아이들
1342060539946663936;EndSARS
1342060544165957632;StrayKids
1342060544165957632;스트레이키즈
1342060544157749248;Christmas
1342060544157749248;Christmas2020
1342060552529432578;RashamiDesai
1342060552529432578;AbKyaJaanLegiMeri
1342060560918036481;StrayKids
1342060560918036481;스트레이키즈
1342060565116702721;Sixers
1342060565116702721;philaunite
1342060565116702721;ShakeMilton
1342060573517893632;IGotSurvivalFund
1342060577699446784;StrayKids
1342060577699446784;스트레이키즈
1342060577695408129;HappyBirthday
1342060590274109441;JENNIE
1342060590274109441;제니
1342060598662729728;Motivation
1342060598662729728;oppositeofsoft
1342060602890575873;iaintforget
1342060607063924737;HappyHolidays
1342060611249717248;TREASURE_HLA2021
1342060611249717248;TREASURE
1342060611249717248;HLA_2021
1342060611270799360;Sakusa
1342060611270799360;hinata
1342060611270799360;komiri
1342060615444082691;anipoke
1342060619646681089;StrayKids
1342060619646681089;스트레이키즈
1342060623828570113;BlackPandora
1342060623828570113;nowplaying
1342060623828570113;np
1342060623828570113;RT
1342060623828570113;NowStreaming
1342060623828570113;Streema
1342060623828570113;Alexa
1342060623828570113;GooglePlay
1342060623828570113;iOSAppStore
1342060623828570113;Amazon
1342060623840956417;StarFMBestof2020
1342060623840956417;HappyALABversary
1342060623832608769;HLA2021
1342060623832608769;txt_hla2021
1342060628035457025;ChristmasEve
1342060628047884290;StarFMBestOf2020
1342060628047884290;SarahGeronimo
1342060669999349761;DontWaitVaccinate
1342060674172633088;69k_संसोधन_पीड़ित
1342060686768128001;Master
1342060686768160769;kisanandolan
1342060686772297730;love
1342060703520346112;ExcludedUK
1342060703520346112;MicroBizMatters
1342060711938150400;GetWellSoonTaeyong
1342060711938150400;LeaderTaeyongWeLoveYou
1342060711938150400;TAEYONG
1342060711938150400;태용
1342060720301568000;StrayKids
1342060720301568000;스트레이키즈
1342060745496748035;HMxFeedback
1342060753872777216;Queensland
1342060758062907393;GFRIEND_HLA2021
1342060762265657344;GetWellSoonTaeyong
1342060762265657344;LeaderTaeyongWeLoveYou
1342060762265657344;TAEYONG
1342060762265657344;태용
1342060766459883520;GetWellSoonTaeyong
1342060766459883520;LeaderTaeyongWeLoveYou
1342060766459883520;TAEYONG
1342060766459883520;태용
1342060766459875328;headphones
1342060766459875328;9d
1342060766459875328;arabiansea
1342060766459875328;beachlife
1342060766459875328;beach
1342060766459875328;iphoneonly
1342060766459875328;seaside
1342060766459875328;Nature
1342060766459875328;Life
1342060766459875328;My
1342060766459875328;India
1342060766459875328;Travelxp
1342060766459875328;discoverychannel
1342060766459875328;reflection
1342060766459875328;Creatures
1342060766459875328;reversechallenge
1342060766459875328;slomo
1342060766459875328;travel
1342060766459875328;smilechallenge
1342060766464077824;ZhangYixing
1342060766464077824;LayZhang
1342060783224680448;StrayKids
1342060787414618114;NeoZoneDariShopee
1342060787406278664;Clubhouse
1342060787406278664;ClubHouseApp
1342060787406278664;clubhouseinvite
1342060791629922306;GetWellSoonTaeyong
1342060791629922306;LeaderTaeyongWeLoveYou
1342060791629922306;TAEYONG
1342060791629922306;태용
1342060791604895746;Gratitude
1342060791604895746;ThankfulThursday
1342060791604895746;ChristmasEve
1342060800001765376;StrayKids
1342060800001765376;스트레이키즈
1342060799985119235;GTAV
1342060804212846598;THEBOYZ_HLA2021
1342060804212846598;더보이즈
1342060804212846598;THEBOYZ
1342060812576333829;GetWellSoonTaeyong
1342060812576333829;LeaderTaeyongWeLoveYou
1342060812576333829;TAEYONG
1342060812576333829;태용
1342060812576288768;THEBOYZ_HLA2021
1342060812576288768;더보이즈
1342060812576288768;THEBOYZ
1342060820977446914;StrayKids
1342060820977446914;스트레이키즈
1342060825188528129;GetWellSoonTaeyong
1342060825188528129;LeaderTaeyongWeLoveYou
1342060825188528129;TAEYONG
1342060825188528129;태용
1342060837763104769;DontWaitVaccinate
1342060837767442438;MarketingEdge
1342060837767442438;Trending
1342060837767442438;Marketing
1342060841965940738;ImpotentTrump
1342060841957523456;rude
1342060841936424960;loveyourlocal
1342060841932185601;StrayKids
1342060841932185601;스트레이키즈
1342060841965744128;StrayKids
1342060841965744128;스트레이키즈
1342060850320867328;GetWellSoonTaeyong
1342060850320867328;LeaderTaeyongWeLoveYou
1342060850320867328;TAEYONG
1342060850320867328;태용
1342060854540439552;MMRS
1342060862920527873;StrayKids
1342060862920527873;스트레이키즈
1342060867119026176;GetWellSoonTaeyong
1342060867119026176;LeaderTaeyongWeLoveYou
1342060867119026176;TAEYONG
1342060867119026176;태용
1342060875486662658;TREASURE_HLA2021
1342060875486662658;TREASURE
1342060875486662658;HLA_2021
1342060892289044481;ATEEZ_HLA2021
1342060892289044481;HLA2021
1342060896487665665;ATEEZ_HLA2021
1342060896487665665;HLA2021
1342060904859328518;StrayKids
1342060904859328518;스트레이키즈
1342060904867799040;ATEEZ_HLA2021
1342060904867799040;HLA2021
1342060909062103040;StrayKids
1342060909062103040;스트레이키즈
1342060913252327426;KochNetwork
1342060917442285571;StrayKids
1342060917442285571;스트레이키즈
1342060925830877184;THEBOYZ_HLA2021
1342060925830877184;더보이즈
1342060925830877184;THEBOYZ
1342060934228029440;THRadio
1342060938422329346;ctbot
1342060950996836352;EricaXElitesForever
1342060955174203393;StrayKids
1342060955174203393;스트레이키즈
1342060955182780416;CreatingBrighterFutures
1342060959389556737;TREASURE_HLA2021
1342060959389556737;TREASURE
1342060959389556737;트레저
1342060963587977218;THEBOYZ_HLA2021
1342060963587977218;더보이즈
1342060963587977218;THEBOYZ
1342060967778140160;THEBOYZ_HLA2021
1342060967778140160;더보이즈
1342060967778140160;THEBOYZ
1342060967782322176;TREASURE_HLA2021
1342060967782322176;TREASURE
1342060967773925377;GetWellSoonTaeyong
1342060967773925377;LeaderTaeyongWeLoveYou
1342060967773925377;TAEYONG
1342060967773925377;태용
1342060976170930176;Indian
1342060976170930176;economy
1342060976170930176;contraction
1342060976170930176;GDP
1342060976170930176;growth
1342060984568078342;ArdgourAles
1342060984568078342;delicious
1342060988762365952;Lonely
1342060988762365952;pancakes
1342060988762365952;cookedwithlove
1342060988762365952;imperfect
1342060988762365952;smoothie
1342060988762365952;holyfamily
1342060988762365952;FamilyOfBuddhas
1342060988762365952;NVCish
1342060992935555072;THEBOYZ_HLA2021
1342060992935555072;더보이즈
1342060992935555072;THEBOYZ
1342060997130022914;Azerbaijan
1342060997155069952;GetWellSoonTaeyong
1342060997155069952;LeaderTaeyongWeLoveYou
1342060997155069952;TAEYONG
1342060997155069952;태용
1342061005543780352;SAGA
1342061009733787648;BBTrendMasterRubinaDilaik
1342061030696873985;StrayKids
1342061030696873985;스트레이키즈
1342061039098109952;StrayKids
1342061039098109952;스트레이키즈
1342061043254583296;TWICE_HLA2021
1342061043254583296;HLA2021
1342061043254583296;트와이스
1342061043254583296;twice
1342061047486828544;NoMoreLockdowns
1342061051664355329;oneus
1342061051664355329;oneusfanart
1342061051664355329;원어스
1342061064251305984;ENHYPEN_HLA2021
1342061064251305984;HLA2021
1342061068449939457;vivaboris
1342061076838572032;BidenWasNotElected
1342061076838572032;StopTheSteaI
1342061076838572032;ElectionFraud
1342061076809015297;CRAVITY_HLA2021
1342061076809015297;CRAVITY
1342061076809015297;크래비티
1342061085231353857;AuldAliance
1342061085231353857;ToryBrexit
1342061085231353857;IndyRef2
1342061093590421504;RahulIsTheBoss
1342061106190295041;7albums70s
1342061106181726209;HappyBirthdayLouisTomlinson
1342061106181726209;HappyBirthdayLouis
1342061106173394946;GetWellSoonTaeyong
1342061110397186048;crashlandingonyou
1342061110397186048;TrueBeautyEp5
1342061135546093568;GetWellSoonTaeyong
1342061135546093568;LeaderTaeyongWeLoveYou
1342061135546093568;TAEYONG
1342061135546093568;태용
1342061148120756225;TBT
1342061156500865024;aespa_HLA2021
1342061156500865024;HLA2021
1342061164922978306;TREASURE_HLA2021
1342061164922978306;TREASURE
1342061173278064640;THEBOYZ_HLA2021
1342061173278064640;더보이즈
1342061173278064640;THEBOYZ
1342061177476534273;GetWellSoonTaeyong
1342061177476534273;LeaderTaeyongWeLoveYou
1342061177476534273;TAEYONG
1342061177476534273;태용
1342061177505861634;TREASURE_HLA2021
1342061177505861634;TREASURE
1342061177505861634;HLA2021
1342061185873575937;FISHSONA
1342061190093008896;TNrejectsADMK
1342061211026862080;eyedrops
1342061215233806336;TheExpanse
1342061215233806336;TheExpanseOnPrime
1342061215229616129;purpose
1342061215229616129;humanity
1342061215229616129;BusinessArchitecture
1342061215229616129;BusArch
1342061215229616129;BizArch
1342061215229616129;BizArchMastery
1342061215229616129;StrategyExecution
1342061215229616129;S2E
1342061215229616129;ESG
1342061215229616129;Sustainability
1342061215229616129;StakeholderCapitalism
1342061215229616129;PurposeandProfit
1342061219436347394;TREASURE_HLA2021
1342061219436347394;TREASURE
1342061219436347394;HLA_2021
1342061223643267072;StrayKids
1342061223643267072;스트레이키즈
1342061223639212032;BusinessClub
1342061223639212032;Nottingham
1342061223639212032;Networking
1342061232031821825;TREASURE_HLA2021
1342061232031821825;TREASURE
1342061232031821825;트레저
1342061240403816448;snoopycontent
1342061240403816448;peanuts
1342061244585533440;swfc
1342061244593958913;StrayKids
1342061244593958913;스트레이키즈
1342061265573785602;HipHop
1342061269780754434;Instagram
1342061269780611072;Secunderabad
1342061273975058433;ATEEZ_HLA2021
1342061273975058433;HLA2021
1342061273975058433;ATEEZ
1342061282363461633;TAEYONG
1342061282363461633;TAEIL
1342061282363461633;JOHNNY
1342061282363461633;YUTA
1342061282363461633;kun
1342061282363461633;DOYOUNG
1342061282363461633;TEN
1342061282363461633;JAEHYUN
1342061282363461633;WINWIN
1342061282363461633;JUNGWOO
1342061282363461633;lucas
1342061282363461633;mark
1342061282363461633;hendery
1342061282363461633;XIAOJUN
1342061282363461633;RENJUN
1342061282363461633;JENO
1342061282363461633;HAECHAN
1342061282363461633;JAEMIN
1342061282363461633;YANGYANG
1342061282363461633;chenle
1342061282363461633;JISUNG
1342061282363461633;shotaro
1342061282363461633;SUNGCHAN
1342061282363461633;nct
1342061282363461633;nct127
1342061282363461633;NCTDREAM
1342061282363461633;WayV
1342061282363461633;nct2020
1342061286541164544;believeinchristmas
1342061286541164544;Christmas
1342061290731159553;StrayKids
1342061290731159553;스트레이키즈
1342061290756386816;ImpotentTrump
1342061294933831680;imgxonlybts
1342061299145068545;WednesdaySpoilers
1342061303305805825;IconsRapBattle
1342061307529465856;TheAfterHours
1342061307529465856;tothekor
1342061311715262464;TREASURE_HLA2021
1342061311715262464;TREASURE
1342061311715262464;트레저
1342061324273152001;jobs
1342061324273152001;pharma
1342061324273152001;hiring
1342061324273152001;executive
1342061324273152001;pharmiweb
1342061324293947394;THEBOYZ_HLA2021
1342061324293947394;더보이즈
1342061324293947394;THEBOYZ
1342061328505008128;Inaho
1342061328505008128;JNTO
1342061341050163200;⃟한지성
1342061345269817345;WeDeyPlay
1342061345269817345;MakeEBetterForYouShow
1342061345269817345;TheRadioPaddy
1342061345269817345;StaySafe
1342061345269817345;FeelUsLive
1342061353637355526;StrayKids
1342061353637355526;스트레이키즈
1342061353654079488;THEBOYZ_HLA2021
1342061353654079488;더보이즈
1342061353654079488;THEBOYZ
1342061353641541633;F1
1342061353641541633;Formula1
1342061362059436032;SSRWaiting4Justice
1342061366241214467;StrayKids
1342061366241214467;스트레이키즈
1342061366224453634;StrayKids
1342061366224453634;스트레이키즈
1342061378815684608;imgxnct
1342061378799095811;drawing
1342061378799095811;fathersontime
1342061378799099905;baboon
1342061378799099905;tbt
1342061378799099905;africanwildlife
1342061378799099905;nature
1342061378799099905;africansafari
1342061378799099905;beautifulplanet
1342061378799099905;safarilodge
1342061378799099905;meetthelocals
1342061378799099905;wildlifephotography
1342061378799099905;funnycaption
1342061387187703808;NorthLawrence
1342061387187703808;traffic
1342061403969085440;JioMart
1342061403969085440;Shame
1342061403989893120;GetWellSoonTaeyong
1342061403989893120;LeaderTaeyongWeLoveYou
1342061403989893120;TAEYONG
1342061403989893120;태용
1342061403981500416;BREAKING
1342061403981500416;BCCI
1342061403981500416;IPL
1342061412391260161;tier4
1342061412374306820;TREASURE_HLA2021
1342061412374306820;TREASURE
1342061412374306820;HLA_2021
1342061416581267457;TREASURE_HLA2021
1342061416581267457;TREASURE
1342061416581267457;HLA_2021
1342061416585445376;BlackfullaTwitter
1342061420758777861;THEBOYZ_HLA2021
1342061420758777861;더보이즈
1342061420758777861;THEBOYZ
1342061420775579649;THEBOYZ_HLA2021
1342061420775579649;더보이즈
1342061420775579649;THEBOYZ
1342061420771303426;GetWellSoonTaeyong
1342061420771303426;LeaderTaeyongWeLoveYou
1342061420771303426;TAEYONG
1342061420771303426;태용
1342061429155713024;StrayKids
1342061429155713024;스트레이키즈
1342061437519159297;indianmalls
1342061437519159297;nexusmalls
1342061437519159297;wonderone
1342061437519159297;cinepolisindia
1342061437519159297;nowwatching
1342061437519159297;nowscreening
1342061437519159297;AhmedabadOneMall
1342061437519159297;Ahmedabad
1342061458528595971;Coast2Coast
1342061462697590784;ATEEZ_HLA2021
1342061462697590784;HLA2021
1342061462684983299;GetWellSoonTaeyong
1342061462684983299;LeaderTaeyongWeLoveYou
1342061462684983299;Taeyong
1342061462684983299;태용
1342061462684983299;NCTsmtown
1342061462684983299;NCTsmtown127
1342061466879471617;BrexitDeal
1342061466896236544;christmaseve
1342061466896236544;bekind
1342061471073591299;TREASURE_HLA2021
1342061471073591299;TREASURE
1342061471073591299;HLA_2021
1342061471103033347;COVID19nsw
1342061471103033347;agedcare
