{
  "Component-dbg.js": 1606219539000,
  "model/models.js": 1606219539000,
  "manifest.json": 1606303541181,
  "controller/Main.controller.js": 1606219539000,
  "Component.js": 1606219539000,
  "manifest-bundle.zip": 1606303541196,
  "Component-preload.js": 1606303541415,
  "i18n/i18n.properties": 1606219539000,
  "controller/Main-dbg.controller.js": 1606219539000,
  "model/models-dbg.js": 1606219539000,
  "view/Main.view.xml": 1606219539000,
  "css/style.css": 1606219539000,
  "index.html": 1606220926000
}