{
  "css/style.css": 1606219539620,
  "model/models.js": 1606219539624,
  "manifest.json": 1606226369136,
  "controller/Main.controller.js": 1606219539620,
  "Component.js": 1606219539620,
  "manifest-bundle.zip": 1606226369148,
  "Component-preload.js": 1606226369340,
  "model/models-dbg.js": 1606219539624,
  "controller/Main-dbg.controller.js": 1606219539620,
  "Component-dbg.js": 1606219539620,
  "view/Main.view.xml": 1606219539628,
  "i18n/i18n.properties": 1606219539620,
  "index.html": 1606220926800
}